,correctness,similarity_score,perturbation_id
correctness,1.0,0.39484043996573204,-0.2398900876548225
similarity_score,0.39484043996573204,1.0,-0.0972945006004462
perturbation_id,-0.2398900876548225,-0.0972945006004462,1.0
