,correctness,similarity_score,perturbation_id
correctness,1.0,0.2678273753336516,0.05657360549327391
similarity_score,0.2678273753336516,1.0,0.03577407691977796
perturbation_id,0.05657360549327391,0.03577407691977796,1.0
