,correctness,similarity_score,perturbation_id
correctness,1.0,0.7369828598388564,0.03444142739415936
similarity_score,0.7369828598388564,1.0,-0.02505572618263976
perturbation_id,0.03444142739415936,-0.02505572618263976,1.0
