,correctness,similarity_score,perturbation_id
correctness,1.0,0.6563796780051254,0.12567784144704347
similarity_score,0.6563796780051254,1.0,0.04675746244959174
perturbation_id,0.12567784144704347,0.04675746244959174,1.0
