,correctness,similarity_score,perturbation_id
correctness,1.0,0.6035779166575483,0.0004900213157231322
similarity_score,0.6035779166575483,1.0,-0.014643296728774955
perturbation_id,0.0004900213157231322,-0.014643296728774955,1.0
