,correctness,similarity_score,perturbation_id
correctness,1.0,0.579517210637453,0.05130147988159711
similarity_score,0.579517210637453,1.0,-0.05450329478307174
perturbation_id,0.05130147988159711,-0.05450329478307174,1.0
